[
{
  "model": "rdrf.registryform",
  "fields": {
    "registry": [
      "dd"
    ],
    "name": "Diagnosis",
    "header": "",
    "questionnaire_display_name": "",
    "sections": "DDStatus,DDMedicalHistoryRecord,DDClinicalData,DDLabData,DDTreatmentCourses,DDMRIData",
    "is_questionnaire": false,
    "is_questionnaire_login": false,
    "position": 0,
    "questionnaire_questions": "",
    "complete_form_cdes": [
      "EDSSAmbulation",
      "AQP4Antibody",
      "EDSSVisual",
      "DDTreatmentCourseDoseType",
      "DateOfFirstSymptoms",
      "AdverseEvents",
      "MedicalHistoryOtherComment",
      "OligoclonalBands",
      "StartDate",
      "EDSSPyramidal",
      "FirstSuspectedBy",
      "DDTreatment",
      "EDSSSensory",
      "Leucocytes",
      "EDSSCerebellar",
      "DateOfVisits",
      "DDCondition",
      "MRIDataLocation",
      "FamilyHistory",
      "EndDate",
      "Protein",
      "MRIImageFile",
      "DDAffectedStatus",
      "DDMedicalHistoryDisease",
      "Comments",
      "ClinicalDataDate",
      "MRIThoracic",
      "EDSSEvaluationType",
      "MedicalHistoryRecordDate",
      "Date",
      "EDSSBrainStem",
      "IgGAlb",
      "DDAgeAtDiagnosis",
      "MRICervical",
      "DateOfDiagnosis",
      "DoseNotes",
      "Orphanet",
      "MRIBrain",
      "VitaminD3",
      "EDSSBowelBladder",
      "MRIReport",
      "Misdiagnosed",
      "MedicalHistoryDocument",
      "EDSSScore",
      "EDSSCerebralMental",
      "EDSSForm",
      "FamilyConsent",
      "Erythrocytes",
      "ChronicIncurable"
    ],
    "groups_allowed": []
  }
}
]
